{"applied_filters": "CONTAINS missense_variant[Consequence]"},
"Genomic Description (GRCh37)","HGVS Nucleotide Change","HGVS Protein Change","Variant Classification","Phenotype","Consequence","Exon","Intron","Protein Position","Impact","CADD Phred","Interpro Domain","Max MAF (%)","Max MAF Source","Surface Area","Normalized SA","Confidence Score","ddG","|ddG|"
"3:150645729:C>T","NM_174878.3:c.693G>A","NP_777367.1:p.Met231Ile","Unknown significance","null","missense_variant","3/3","null","231","MODERATE","28.5","null","0.00578469","gnomad_AF_amr_pass","153.89936336440306","0.7107426370609948","64.36","-0.3","0.3"
"3:150645730:A>G","NM_174878.3:c.692T>C","NP_777367.1:p.Met231Thr","Unknown significance","null","missense_variant","3/3","null","231","MODERATE","26.5","null","0.00289235","gnomad_AF_amr_pass","153.89936336440306","0.7107426370609948","64.36","-0.9","0.9"
"3:150645730:A>T","NM_174878.3:c.692T>A","NP_777367.1:p.Met231Lys","Unknown significance","null","missense_variant","3/3","null","231","MODERATE","28.1","null","0","null","153.89936336440306","0.7107426370609948","64.36","-1.1","1.1"
"3:150645736:T>C","NM_174878.3:c.686A>G","NP_777367.1:p.Asp229Gly","Unknown significance","null","missense_variant","3/3","null","229","MODERATE","29.3","null","0.000880995","gnomad_AF_nfe_pass","101.99518586752063","0.6375502430026223","66.65","-0.3","0.3"
"3:150645739:G>A","NM_174878.3:c.683C>T","NP_777367.1:p.Ala228Val","Unknown significance","null","missense_variant","3/3","null","228","MODERATE","19.62","null","0","gnomad_AF_afr_pass,gnomad_AF_sas_pass,gnomad_AF_amr_pass,gnomad_AF_eas_pass,gnomad_AF_nfe_pass","41.15194476520417","0.3236266297857549","65.07","0.5","0.5"
"3:150645740:C>T","NM_174878.3:c.682G>A","NP_777367.1:p.Ala228Thr","Unknown significance","null","missense_variant","3/3","null","228","MODERATE","22.2","null","0.00352386","gnomad_AF_nfe_pass","41.15194476520417","0.3236266297857549","65.07","0.1","0.1"
"3:150645748:T>C","NM_174878.3:c.674A>G","NP_777367.1:p.Asn225Ser","Likely benign","null","missense_variant","3/3","null","225","MODERATE","9.907","null","0.00615385","gnomad_AF_afr_pass","72.65508493999926","0.45458554579201343","56.52","0.1","0.1"
"3:150645751:G>A","NM_174878.3:c.671C>T","NP_777367.1:p.Thr224Ile","Likely benign","null","missense_variant","3/3","null","224","MODERATE","12.16","null","0.00846644","gnomad_AF_amr_pass","98.64741982731003","0.6269793494822822","55.21","-0.2","0.2"
"3:150645752:T>C","NM_174878.3:c.670A>G","NP_777367.1:p.Thr224Ala","Likely benign","null","missense_variant","3/3","null","224","MODERATE","10.89","null","0.0451544","gnomad_AF_amr_pass","98.64741982731003","0.6269793494822822","55.21","-0.3","0.3"
"3:150645754:G>A","NM_174878.3:c.668C>T","NP_777367.1:p.Thr223Ile","Unknown significance","null","missense_variant","3/3","null","223","MODERATE","21.6","null","0.000881057","gnomad_AF_nfe_pass","96.97819014739841","0.6163701258383226","55.12","0.0","0.0"
"3:150645757:T>A","NM_174878.3:c.665A>T","NP_777367.1:p.Glu222Val","Unknown significance","null","missense_variant","3/3","null","222","MODERATE","21.0","null","0.00155123","gnomad_AF_nfe_pass","113.89274679803282","0.583255361095869","51.98","-0.2","0.2"
"3:150645760:G>C","NM_174878.3:c.662C>G","NP_777367.1:p.Ala221Gly","Likely benign","null","missense_variant","3/3","null","221","MODERATE","16.49","null","0.0017623","gnomad_AF_nfe_pass","33.192070050211385","0.26102867865057283","53.57","-0.6","0.6"
"3:150645761:C>T","NM_174878.3:c.661G>A","NP_777367.1:p.Ala221Thr","Likely benign","null","missense_variant","3/3","null","221","MODERATE","0.055","null","0.00528662","gnomad_AF_nfe_pass","33.192070050211385","0.26102867865057283","53.57","0.6","0.6"
"3:150645766:T>C","NM_174878.3:c.656A>G","NP_777367.1:p.Lys219Arg","Unknown significance","null","missense_variant","3/3","null","219","MODERATE","26.8","null","0.00264331","gnomad_AF_nfe_pass","158.22220193674298","0.668408771759759","56.02","0.4","0.4"
"3:150645767:T>C","NM_174878.3:c.655A>G","NP_777367.1:p.Lys219Glu","Unknown significance","null","missense_variant","3/3","null","219","MODERATE","27.2","null","0.00543656","gnomad_AF_eas_pass","158.22220193674298","0.668408771759759","56.02","-0.0","0.0"
"3:150645776:C>T","NM_174878.3:c.646G>A","NP_777367.1:p.Ala216Thr","Likely benign","null","missense_variant","3/3","null","216","MODERATE","17.94","null","0.0108743","gnomad_AF_eas_pass","44.77773842852733","0.352140552766911","64.47","0.3","0.3"
"3:150645782:G>A","NM_174878.3:c.640C>T","NP_777367.1:p.Pro214Ser","Unknown significance","null","missense_variant","3/3","null","214","MODERATE","27.8","null","0.00615385","gnomad_AF_afr_pass","52.15446461451301","0.3315602551995228","69.4","-1.0","1.0"
"3:150645785:A>G","NM_174878.3:c.637T>C","NP_777367.1:p.Phe213Leu","Unknown significance","null","missense_variant","3/3","null","213","MODERATE","25.2","null","0.00578336","gnomad_AF_amr_pass","89.93639182391115","0.391452635786331","76.26","-0.3","0.3"
"3:150645790:A>G","NM_174878.3:c.632T>C","NP_777367.1:p.Phe211Ser","Unknown significance","null","missense_variant","3/3","null","211","MODERATE","29.3","null","0.00615309","gnomad_AF_afr_pass","57.840154758804445","0.25175216144932794","82.0","-1.8","1.8"
"3:150645802:C>T","NM_174878.3:c.620G>A","NP_777367.1:p.Arg207Gln","Unknown significance","null","missense_variant","3/3","null","207","MODERATE","31","null","0.00801282","gnomad_AF_afr_pass","100.17748129621478","0.3718187460010841","90.94","-0.3","0.3"
"3:150645805:A>G","NM_174878.3:c.617T>C","NP_777367.1:p.Ile206Thr","Unknown significance","null","missense_variant","3/3","null","206","MODERATE","26.9","null","0.000881321","gnomad_AF_nfe_pass","0.0","0.0","91.93","-4.0","4.0"
"3:150645816:A>C","NM_174878.3:c.606T>G","NP_777367.1:p.Asn202Lys","Pathogenic","Usher syndrome 3","missense_variant","3/3","null","202","MODERATE","23.5","null","0.0108731","gnomad_AF_eas_pass","1.7260504170792061","0.010799485976245993","96.12","-0.7","0.7"
"3:150645826:T>C","NM_174878.3:c.596A>G","NP_777367.1:p.His199Arg","Unknown significance","null","missense_variant","3/3","null","199","MODERATE","25.6","null","0.000881756","gnomad_AF_nfe_pass","1.3573128441309361","0.006608069685536833","97.44","-0.7","0.7"
"3:150645827:G>T","NM_174878.3:c.595C>A","NP_777367.1:p.His199Asn","Unknown significance","null","missense_variant","3/3","null","199","MODERATE","27.6","null","0.000881959","gnomad_AF_nfe_pass","1.3573128441309361","0.006608069685536833","97.44","-1.2","1.2"
"3:150645833:A>G","NM_174878.3:c.589T>C","NP_777367.1:p.Phe197Leu","Likely benign","null","missense_variant","3/3","null","197","MODERATE","18.84","null","0","null","122.15278243936247","0.5316760844502737","97.49","0.2","0.2"
"3:150645838:C>T","NM_174878.3:c.584G>A","NP_777367.1:p.Cys195Tyr","Unknown significance","null","missense_variant","3/3","null","195","MODERATE","26.8","null","0.00155318","gnomad_AF_nfe_pass","2.118287100675979","0.013708110915787884","97.89","0.4","0.4"
"3:150645839:A>T","NM_174878.3:c.583T>A","NP_777367.1:p.Cys195Ser","Unknown significance","null","missense_variant","3/3","null","195","MODERATE","20.5","null","0.00653552","gnomad_AF_sas_pass","2.118287100675979","0.013708110915787884","97.89","-1.6","1.6"
"3:150645847:A>G","NM_174878.3:c.575T>C","NP_777367.1:p.Ile192Thr","Unknown significance","null","missense_variant","3/3","null","192","MODERATE","23.8","null","0.00176386","gnomad_AF_nfe_pass","0.0","0.0","98.18","-3.3","3.3"
"3:150645850:A>G","NM_174878.3:c.572T>C","NP_777367.1:p.Val191Ala","Unknown significance","null","missense_variant","3/3","null","191","MODERATE","23.6","null","0.000882083","gnomad_AF_nfe_pass","30.08876131646547","0.17504445850635883","98.34","-1.9","1.9"
"3:150645851:C>T","NM_174878.3:c.571G>A","NP_777367.1:p.Val191Ile","Unknown significance","null","missense_variant","3/3","null","191","MODERATE","15.92","null","0.00155289","gnomad_AF_nfe_pass","30.08876131646547","0.17504445850635883","98.34","0.5","0.5"
"3:150645855:G>C","NM_174878.3:c.567C>G","NP_777367.1:p.Phe189Leu","Unknown significance","null","missense_variant","3/3","null","189","MODERATE","26.1","null","0.000882021","gnomad_AF_nfe_pass","19.425661796012626","0.08455116285776165","98.17","-1.9","1.9"
"3:150645857:A>G","NM_174878.3:c.565T>C","NP_777367.1:p.Phe189Leu","Unknown significance","null","missense_variant","3/3","null","189","MODERATE","27.4","null","0.00264564","gnomad_AF_nfe_pass","19.425661796012626","0.08455116285776165","98.17","-1.9","1.9"
"3:150645866:T>C","NM_174878.3:c.556A>G","NP_777367.1:p.Thr186Ala","Likely benign","null","missense_variant","3/3","null","186","MODERATE","15.21","null","0.00327375","gnomad_AF_sas_pass","36.23636391691038","0.2303096413063806","97.5","0.2","0.2"
"3:150645868:T>C","NM_174878.3:c.554A>G","NP_777367.1:p.Tyr185Cys","Unknown significance","null","missense_variant","3/3","null","185","MODERATE","26.5","null","0.0058072","gnomad_AF_amr_pass","46.39250120126193","0.19337321745374478","98.25","-2.2","2.2"
"3:150645871:T>G","NM_174878.3:c.551A>C","NP_777367.1:p.Lys184Thr","Likely benign","null","missense_variant","3/3","null","184","MODERATE","18.20","null","0.00529381","gnomad_AF_nfe_pass","126.36268402169941","0.533818423643089","98.04","0.3","0.3"
"3:150645881:G>T","NM_174878.3:c.541C>A","NP_777367.1:p.Gln181Lys","Unknown significance","null","missense_variant","3/3","null","181","MODERATE","21.8","null","0.0008828","gnomad_AF_nfe_pass","107.2033702304653","0.5421109918674039","95.14","-0.3","0.3"
"3:150645883:G>A","NM_174878.3:c.539C>T","NP_777367.1:p.Thr180Met","Unknown significance","null","missense_variant","3/3","null","180","MODERATE","22.6","null","0.0240577","gnomad_AF_afr_pass","38.17020848395338","0.24260069373093474","96.47","0.2","0.2"
"3:150645889:T>C","NM_174878.3:c.533A>G","NP_777367.1:p.Tyr178Cys","Unknown significance","null","missense_variant","3/3","null","178","MODERATE","25.8","null","0.000882083","gnomad_AF_nfe_pass","0.9390175880412056","0.00391401298794909","97.1","-2.6","2.6"
"3:150645893:C>T","NM_174878.3:c.529G>A","NP_777367.1:p.Val177Ile","Unknown significance","null","missense_variant","3/3","null","177","MODERATE","15.49","null","0.00580686","gnomad_AF_amr_pass","62.15795092531304","0.3616102619562529","96.56","0.1","0.1"
"3:150645895:T>A","NM_174878.3:c.527A>T","NP_777367.1:p.Tyr176Phe","Unknown significance","null","missense_variant","3/3","null","176","MODERATE","15.21","null","0","null","70.30446225202438","0.29304305038546835","94.51","0.1","0.1"
"3:150645910:T>A","NM_174878.3:c.512A>T","NP_777367.1:p.Tyr171Phe","Likely benign","null","missense_variant","3/3","null","171","MODERATE","16.26","null","0.00290799","gnomad_AF_amr_pass","33.64999735616119","0.1402599145892547","94.5","-0.1","0.1"
"3:150645913:T>C","NM_174878.3:c.509A>G","NP_777367.1:p.Asn170Ser","Unknown significance","null","missense_variant","3/3","null","170","MODERATE","25.4","null","0.008726","gnomad_AF_amr_pass","32.15412074122782","0.20118066806589435","96.03","-0.1","0.1"
"3:150645917:C>T","NM_174878.3:c.505G>A","NP_777367.1:p.Ala169Thr","Unknown significance","null","missense_variant","3/3","null","169","MODERATE","26.6","null","0.0187149","gnomad_AF_afr_pass","0.0","0.0","96.3","-0.5","0.5"
"3:150645919:A>G","NM_174878.3:c.503T>C","NP_777367.1:p.Ile168Thr","Unknown significance","null","missense_variant","3/3","null","168","MODERATE","26.4","null","0.00329424","gnomad_AF_sas_pass","0.030179194484397105","1.538508942370602E-4","96.29","-2.7","2.7"
"3:150645919:A>T","NM_174878.3:c.503T>A","NP_777367.1:p.Ile168Asn","Pathogenic","Usher syndrome 3","missense_variant","3/3","null","168","MODERATE","28.1","null","0","null","0.030179194484397105","1.538508942370602E-4","96.29","-3.9","3.9"
"3:150645920:T>A","NM_174878.3:c.502A>T","NP_777367.1:p.Ile168Phe","Unknown significance","Usher syndrome, type 3A","missense_variant","3/3","null","168","MODERATE","26.9","null","0.000882348","gnomad_AF_nfe_pass","0.030179194484397105","1.538508942370602E-4","96.29","-0.9","0.9"
"3:150645922:T>C","NM_174878.3:c.500A>G","NP_777367.1:p.Lys167Arg","Unknown significance","null","missense_variant","3/3","null","167","MODERATE","16.82","null","0.0093188","gnomad_AF_nfe_pass","75.79640767365423","0.32020148333673293","96.15","0.7","0.7"
"3:150645935:G>A","NM_174878.3:c.487C>T","NP_777367.1:p.His163Tyr","Unknown significance","null","missense_variant","3/3","null","163","MODERATE","25.5","null","0.00329099","gnomad_AF_sas_pass","105.59753946035599","0.5141010065531684","96.2","0.4","0.4"
"3:150645936:A>T","NM_174878.3:c.486T>A","NP_777367.1:p.His162Gln","Unknown significance","null","missense_variant","3/3","null","162","MODERATE","23.9","null","0.00632271","gnomad_AF_afr_pass","68.87776941386717","0.33533101969767026","96.09","-0.4","0.4"
"3:150645937:T>C","NM_174878.3:c.485A>G","NP_777367.1:p.His162Arg","Unknown significance","null","missense_variant","3/3","null","162","MODERATE","24.6","null","0.000882348","gnomad_AF_nfe_pass","68.87776941386717","0.33533101969767026","96.09","-0.3","0.3"
"3:150645942:T>G","NM_174878.3:c.480A>C","NP_777367.1:p.Lys160Asn","Unknown significance","null","missense_variant","3/3","null","160","MODERATE","22.3","null","0.00870171","gnomad_AF_amr_pass","99.65878993245899","0.4210079783901027","96.61","0.0","0.0"
"3:150645947:C>A","NM_174878.3:c.475G>T","NP_777367.1:p.Val159Leu","Unknown significance","null","missense_variant","3/3","null","159","MODERATE","23.3","null","0.00327289","gnomad_AF_sas_pass","0.0","0.0","97.52","-0.2","0.2"
"3:150645949:T>C","NM_174878.3:c.473A>G","NP_777367.1:p.Glu158Gly","Unknown significance","Usher syndrome, type 3A","missense_variant","3/3","null","158","MODERATE","25.3","null","0.00621465","gnomad_AF_nfe_pass","0.0","0.0","96.33","-1.1","1.1"
"3:150645955:G>T","NM_174878.3:c.467C>A","NP_777367.1:p.Ala156Asp","Unknown significance","null","missense_variant","3/3","null","156","MODERATE","27.0","null","0","null","25.686584732218567","0.20200413115404023","98.04","-1.6","1.6"
"3:150645961:A>C","NM_174878.3:c.461T>G","NP_777367.1:p.Leu154Trp","Pathogenic","Retinitis pigmentosa, nonsyndromic","missense_variant","3/3","null","154","MODERATE","27.0","null","0.00327097","gnomad_AF_sas_pass","34.13385722848249","0.17699579737439317","98.14","-1.5","1.5"
"3:150645970:A>G","NM_174878.3:c.452T>C","NP_777367.1:p.Val151Ala","Unknown significance","null","missense_variant","3/3","null","151","MODERATE","24.1","null","0.00644081","gnomad_AF_afr_pass","0.0","0.0","98.48","-1.7","1.7"
"3:150645971:C>T","NM_174878.3:c.451G>A","NP_777367.1:p.Val151Ile","Unknown significance","null","missense_variant","3/3","null","151","MODERATE","22.7","null","0.00980713","gnomad_AF_sas_pass","0.0","0.0","98.48","-0.2","0.2"
"3:150645973:A>G","NM_174878.3:c.449T>C","NP_777367.1:p.Leu150Pro","Pathogenic","Usher syndrome 3a","missense_variant","3/3","null","150","MODERATE","31","null","0","null","67.11196644825405","0.3479986435567668","98.19","-2.6","2.6"
"3:150645975:A>C","NM_174878.3:c.447T>G","NP_777367.1:p.Cys149Trp","Unknown significance","null","missense_variant","3/3","null","149","MODERATE","28.3","null","0","null","36.301397439225724","0.2349179118997632","98.16","0.3","0.3"
"3:150645979:C>T","NM_174878.3:c.443G>A","NP_777367.1:p.Gly148Asp","Unknown significance","null","missense_variant","3/3","null","148","MODERATE","29.9","null","0.00544307","gnomad_AF_eas_pass","0.0","0.0","98.09","-0.4","0.4"
"3:150645982:C>T","NM_174878.3:c.440G>A","NP_777367.1:p.Cys147Tyr","Unknown significance","Retinal dystrophy","missense_variant","3/3","null","147","MODERATE","31","null","0","null","5.067392511255577","0.0327927118925273","97.9","0.2","0.2"
"3:150645985:G>A","NM_174878.3:c.437C>T","NP_777367.1:p.Ser146Phe","Unknown significance","null","missense_variant","3/3","null","146","MODERATE","23.2","null","0.00797943","gnomad_AF_nfe_pass","46.19369008739325","0.3349621345904583","97.8","1.5","1.5"
"3:150645985:G>T","NM_174878.3:c.437C>A","NP_777367.1:p.Ser146Tyr","Likely pathogenic","Usher syndrome, type 3A","missense_variant","3/3","null","146","MODERATE","24.9","null","0","null","46.19369008739325","0.3349621345904583","97.8","1.1","1.1"
"3:150645988:C>A","NM_174878.3:c.434G>T","NP_777367.1:p.Gly145Val","Unknown significance","null","missense_variant&splice_region_variant","3/3","null","145","MODERATE","32","null","0","null","7.283950452356902","0.07639477366789853","97.95","2.4","2.4"
"3:150645988:C>G","NM_174878.3:c.434G>C","NP_777367.1:p.Gly145Ala","Unknown significance","null","missense_variant&splice_region_variant","3/3","null","145","MODERATE","24.5","null","0.000887453","gnomad_AF_nfe_pass","7.283950452356902","0.07639477366789853","97.95","1.5","1.5"
"3:150659374:A>C","NM_174878.3:c.428T>G","NP_777367.1:p.Ile143Ser","Unknown significance","null","missense_variant","2/3","null","143","MODERATE","27.4","null","0.0130702","gnomad_AF_sas_pass","87.77709512419902","0.4474799546214363","96.86","-1.7","1.7"
"3:150659378:A>G","NM_174878.3:c.424T>C","NP_777367.1:p.Phe142Leu","Unknown significance","null","missense_variant","2/3","null","142","MODERATE","27.6","null","0","gnomad_AF_afr_pass,gnomad_AF_sas_pass,gnomad_AF_amr_pass,gnomad_AF_eas_pass,gnomad_AF_nfe_pass","171.12650358699608","0.7448366509208649","95.77","-0.1","0.1"
"3:150659393:G>C","NM_174878.3:c.409C>G","NP_777367.1:p.Leu137Val","Unknown significance","null","missense_variant","2/3","null","137","MODERATE","23.4","null","0.00615612","gnomad_AF_afr_pass","0.0","0.0","91.7","-0.6","0.6"
"3:150659395:C>G","NM_174878.3:c.407G>C","NP_777367.1:p.Gly136Ala","Unknown significance","null","missense_variant","2/3","null","136","MODERATE","25.8","null","0.00326776","gnomad_AF_sas_pass","3.391607814768079","0.035571509316849444","88.3","0.0","0.0"
"3:150659395:C>T","NM_174878.3:c.407G>A","NP_777367.1:p.Gly136Glu","Pathogenic","Hearing loss","missense_variant","2/3","null","136","MODERATE","27.1","null","0.165463","gnomad_AF_eas_pass","3.391607814768079","0.035571509316849444","88.3","-1.6","1.6"
"3:150659396:C>T","NM_174878.3:c.406G>A","NP_777367.1:p.Gly136Arg","Unknown significance","null","missense_variant","2/3","null","136","MODERATE","28.1","null","0.0017605","gnomad_AF_nfe_pass","3.391607814768079","0.035571509316849444","88.3","-0.5","0.5"
"3:150659401:G>A","NM_174878.3:c.401C>T","NP_777367.1:p.Pro134Leu","Unknown significance","null","missense_variant","2/3","null","134","MODERATE","27.6","null","0.0141123","gnomad_AF_amr_pass","29.968328481456492","0.19051689462554408","80.1","0.5","0.5"
"3:150659402:G>A","NM_174878.3:c.400C>T","NP_777367.1:p.Pro134Ser","Unknown significance","null","missense_variant","2/3","null","134","MODERATE","26.2","null","0.0160192","gnomad_AF_afr_pass","29.968328481456492","0.19051689462554408","80.1","-1.0","1.0"
"3:150659402:G>C","NM_174878.3:c.400C>G","NP_777367.1:p.Pro134Ala","Unknown significance","null","missense_variant","2/3","null","134","MODERATE","25.2","null","0.00326776","gnomad_AF_sas_pass","29.968328481456492","0.19051689462554408","80.1","-0.7","0.7"
"3:150659404:C>A","NM_174878.3:c.398G>T","NP_777367.1:p.Gly133Val","Unknown significance","null","missense_variant","2/3","null","133","MODERATE","27.1","null","0.0641026","gnomad_AF_eas_pass","0.022147234612848517","2.3228232903080003E-4","75.68","0.6","0.6"
"3:150659407:T>C","NM_174878.3:c.395A>G","NP_777367.1:p.His132Arg","Unknown significance","null","missense_variant","2/3","null","132","MODERATE","22.6","null","0.00154938","gnomad_AF_nfe_pass","49.294057587290595","0.23998783259746334","61.14","0.1","0.1"
"3:150659411:G>C","NM_174878.3:c.391C>G","NP_777367.1:p.Leu131Val","Unknown significance","null","missense_variant","2/3","null","131","MODERATE","22.9","null","0.000879832","gnomad_AF_nfe_pass","138.3976905085087","0.7176396567888559","52.89","-0.1","0.1"
"3:150659419:A>G","NM_174878.3:c.383T>C","NP_777367.1:p.Phe128Ser","Unknown significance","null","missense_variant","2/3","null","128","MODERATE","26.0","null","0.0123031","gnomad_AF_afr_pass","155.73236542222594","0.6778328959552795","52.91","-0.7","0.7"
"3:150659422:G>A","NM_174878.3:c.380C>T","NP_777367.1:p.Pro127Leu","Unknown significance","null","missense_variant","2/3","null","127","MODERATE","27.6","null","0.000879802","gnomad_AF_nfe_pass","44.51775995288515","0.28301162632934684","57.62","-0.9","0.9"
"3:150659422:G>C","NM_174878.3:c.380C>G","NP_777367.1:p.Pro127Arg","Unknown significance","null","missense_variant","2/3","null","127","MODERATE","26.3","null","0.00619761","gnomad_AF_nfe_pass","44.51775995288515","0.28301162632934684","57.62","-0.9","0.9"
"3:150659422:G>T","NM_174878.3:c.380C>A","NP_777367.1:p.Pro127His","Unknown significance","null","missense_variant","2/3","null","127","MODERATE","26.8","null","0.000879802","gnomad_AF_nfe_pass","44.51775995288515","0.28301162632934684","57.62","-1.0","1.0"
"3:150659423:G>C","NM_174878.3:c.379C>G","NP_777367.1:p.Pro127Ala","Unknown significance","null","missense_variant","2/3","null","127","MODERATE","25.1","null","0.00087974","gnomad_AF_nfe_pass","44.51775995288515","0.28301162632934684","57.62","-1.1","1.1"
"3:150659423:G>T","NM_174878.3:c.379C>A","NP_777367.1:p.Pro127Thr","Unknown significance","null","missense_variant","2/3","null","127","MODERATE","25.6","null","0.00263922","gnomad_AF_nfe_pass","44.51775995288515","0.28301162632934684","57.62","-1.0","1.0"
"3:150659428:C>T","NM_174878.3:c.374G>A","NP_777367.1:p.Gly125Glu","Unknown significance","null","missense_variant","2/3","null","125","MODERATE","28.0","null","0.00326712","gnomad_AF_sas_pass","31.00761543810088","0.32521085623371626","80.01","0.1","0.1"
"3:150659434:G>T","NM_174878.3:c.368C>A","NP_777367.1:p.Ala123Asp","Pathogenic","Usher syndrome","missense_variant","2/3","null","123","MODERATE","27.1","null","0.0440599","gnomad_AF_afr_pass","5.4694374365915275","0.04301268420064601","89.51","-1.6","1.6"
"3:150659443:A>G","NM_174878.3:c.359T>C","NP_777367.1:p.Met120Thr","Unknown significance","null","missense_variant","2/3","null","120","MODERATE","23.2","null","0.00542249","gnomad_AF_nfe_pass","57.958634824524005","0.267666298645427","92.37","-1.3","1.3"
"3:150659443:A>T","NM_174878.3:c.359T>A","NP_777367.1:p.Met120Lys","Pathogenic","Usher syndrome 3a","missense_variant","2/3","null","120","MODERATE","25.5","null","0","gnomad_AF_afr_pass,gnomad_AF_sas_pass,gnomad_AF_amr_pass,gnomad_AF_eas_pass,gnomad_AF_nfe_pass","57.958634824524005","0.267666298645427","92.37","-2.4","2.4"
"3:150659446:A>G","NM_174878.3:c.356T>C","NP_777367.1:p.Phe119Ser","Unknown significance","null","missense_variant","2/3","null","119","MODERATE","25.1","null","0.0228743","gnomad_AF_sas_pass","0.9923496787314534","0.004319251523028834","93.32","-2.6","2.6"
"3:150659458:C>T","NM_174878.3:c.344G>A","NP_777367.1:p.Gly115Glu","Unknown significance","null","missense_variant","2/3","null","115","MODERATE","23.7","null","0","gnomad_AF_afr_pass,gnomad_AF_sas_pass,gnomad_AF_amr_pass,gnomad_AF_eas_pass,gnomad_AF_nfe_pass","1.1443352735550736","0.0120018985295466","95.0","-0.5","0.5"
"3:150659459:C>T","NM_174878.3:c.343G>A","NP_777367.1:p.Gly115Arg","Unknown significance","null","missense_variant","2/3","null","115","MODERATE","26.3","null","0.00087991","gnomad_AF_nfe_pass","1.1443352735550736","0.0120018985295466","95.0","0.5","0.5"
"3:150659467:G>T","NM_174878.3:c.335C>A","NP_777367.1:p.Thr112Asn","Unknown significance","null","missense_variant","2/3","null","112","MODERATE","24.9","null","0.0196078","gnomad_AF_sas_pass","0.7634250923675521","0.00485214685421044","97.55","-1.2","1.2"
"3:150659474:C>A","NM_174878.3:c.328G>T","NP_777367.1:p.Val110Leu","Unknown significance","null","missense_variant","2/3","null","110","MODERATE","9.854","null","0.000879941","gnomad_AF_nfe_pass","102.13052008588905","0.5941547874762201","98.37","0.2","0.2"
"3:150659476:A>G","NM_174878.3:c.326T>C","NP_777367.1:p.Ile109Thr","Likely benign","null","missense_variant","2/3","null","109","MODERATE","11.27","null","0.0344195","gnomad_AF_afr_pass","36.41818873140586","0.1856567412929992","98.38","-2.7","2.7"
"3:150659479:A>G","NM_174878.3:c.323T>C","NP_777367.1:p.Leu108Pro","Pathogenic","Retinal dystrophy","missense_variant","2/3","null","108","MODERATE","23.7","null","0","null","0.0","0.0","98.52","-3.3","3.3"
"3:150659480:G>A","NM_174878.3:c.322C>T","NP_777367.1:p.Leu108Phe","Unknown significance","null","missense_variant","2/3","null","108","MODERATE","17.25","null","0.0318066","gnomad_AF_amr_pass","0.0","0.0","98.52","-0.3","0.3"
"3:150659482:A>G","NM_174878.3:c.320T>C","NP_777367.1:p.Ile107Thr","Unknown significance","null","missense_variant","2/3","null","107","MODERATE","20.2","null","0","null","71.01123286123732","0.362009055020533","98.4","-1.8","1.8"
"3:150659488:G>C","NM_174878.3:c.314C>G","NP_777367.1:p.Ser105Cys","Unknown significance","null","missense_variant","2/3","null","105","MODERATE","19.18","null","0.00326797","gnomad_AF_sas_pass","0.0","0.0","98.18","2.2","2.2"
"3:150659489:A>G","NM_174878.3:c.313T>C","NP_777367.1:p.Ser105Pro","Pathogenic","Usher syndrome 3a","missense_variant","2/3","null","105","MODERATE","23.0","null","0","null","0.0","0.0","98.18","0.0","0.0"
"3:150659492:A>C","NM_174878.3:c.310T>G","NP_777367.1:p.Phe104Val","Unknown significance","null","missense_variant","2/3","null","104","MODERATE","25.7","null","0","gnomad_AF_afr_pass,gnomad_AF_sas_pass,gnomad_AF_amr_pass,gnomad_AF_eas_pass,gnomad_AF_nfe_pass","57.9996425302081","0.25244633993731846","98.4","-1.1","1.1"
"3:150659492:A>G","NM_174878.3:c.310T>C","NP_777367.1:p.Phe104Leu","Unknown significance","null","missense_variant","2/3","null","104","MODERATE","24.1","null","0.00648004","gnomad_AF_nfe_pass","57.9996425302081","0.25244633993731846","98.4","-0.7","0.7"
"3:150659494:A>G","NM_174878.3:c.308T>C","NP_777367.1:p.Leu103Pro","Unknown significance","null","missense_variant","2/3","null","103","MODERATE","26.3","null","0.000879647","gnomad_AF_nfe_pass","96.96272978140132","0.5027851249971355","98.13","-2.0","2.0"
"3:150659504:T>C","NM_174878.3:c.298A>G","NP_777367.1:p.Asn100Asp","Unknown significance","null","missense_variant","2/3","null","100","MODERATE","24.7","null","0.00087974","gnomad_AF_nfe_pass","53.42427679954086","0.33426296380382614","97.86","-0.4","0.4"
"3:150659507:C>T","NM_174878.3:c.295G>A","NP_777367.1:p.Val99Ile","Unknown significance","null","missense_variant","2/3","null","99","MODERATE","22.3","null","0.0130702","gnomad_AF_sas_pass","61.005396840064634","0.35490516021977175","96.88","0.0","0.0"
"3:150659512:A>G","NM_174878.3:c.290T>C","NP_777367.1:p.Ile97Thr","Unknown significance","null","missense_variant","2/3","null","97","MODERATE","25.8","null","0.00326755","gnomad_AF_sas_pass","41.56115035545373","0.21187510988781802","95.88","-1.8","1.8"
"3:150659515:C>G","NM_174878.3:c.287G>C","NP_777367.1:p.Ser96Thr","Unknown significance","null","missense_variant","2/3","null","96","MODERATE","25.4","null","0.0217581","gnomad_AF_eas_pass","96.3618168726286","0.6987439152751169","95.25","0.1","0.1"
"3:150659518:A>C","NM_174878.3:c.284T>G","NP_777367.1:p.Val95Gly","Unknown significance","null","missense_variant","2/3","null","95","MODERATE","22.4","null","0.00289235","gnomad_AF_amr_pass","55.7288020543158","0.32420802824699635","94.18","-1.6","1.6"
"3:150659528:C>T","NM_174878.3:c.274G>A","NP_777367.1:p.Ala92Thr","Likely benign","null","missense_variant","2/3","null","92","MODERATE","24.5","null","0.00326904","gnomad_AF_sas_pass","31.396179739382838","0.24690545963688085","89.9","0.4","0.4"
"3:150659530:T>C","NM_174878.3:c.272A>G","NP_777367.1:p.Lys91Arg","Likely benign","null","missense_variant","2/3","null","91","MODERATE","20.2","null","0","gnomad_AF_afr_pass,gnomad_AF_sas_pass,gnomad_AF_amr_pass,gnomad_AF_eas_pass,gnomad_AF_nfe_pass","230.38502637925077","0.973260203871769","88.74","0.1","0.1"
"3:150659531:T>G","NM_174878.3:c.271A>C","NP_777367.1:p.Lys91Gln","Likely benign","null","missense_variant","2/3","null","91","MODERATE","18.99","null","0.000880297","gnomad_AF_nfe_pass","230.38502637925077","0.973260203871769","88.74","0.1","0.1"
"3:150659533:A>T","NM_174878.3:c.269T>A","NP_777367.1:p.Leu90His","Unknown significance","null","missense_variant","2/3","null","90","MODERATE","27.5","null","0.000880266","gnomad_AF_nfe_pass","42.535118349960804","0.2205592277008594","90.54","-0.5","0.5"
"3:150659540:C>G","NM_174878.3:c.262G>C","NP_777367.1:p.Asp88His","Unknown significance","null","missense_variant","2/3","null","88","MODERATE","24.4","null","0.00616664","gnomad_AF_nfe_pass","44.06019834492023","0.27541094143437217","89.97","0.7","0.7"
"3:150690247:G>C","NM_174878.3:c.249C>G","NP_777367.1:p.Phe83Leu","Unknown significance","null","missense_variant","1/3","null","83","MODERATE","23.4","null","0.0097988","gnomad_AF_sas_pass","10.752406713931196","0.04680038707196565","95.18","-1.2","1.2"
"3:150690251:C>T","NM_174878.3:c.245G>A","NP_777367.1:p.Arg82Gln","Unknown significance","null","missense_variant","1/3","null","82","MODERATE","20.9","null","0.00263848","gnomad_AF_nfe_pass","211.34469238034816","0.7844269737875229","96.38","-0.1","0.1"
"3:150690252:G>C","NM_174878.3:c.244C>G","NP_777367.1:p.Arg82Gly","Unknown significance","null","missense_variant","1/3","null","82","MODERATE","24.5","null","0.0114837","gnomad_AF_afr_pass","211.34469238034816","0.7844269737875229","96.38","-0.4","0.4"
"3:150690255:A>G","NM_174878.3:c.241T>C","NP_777367.1:p.Phe81Leu","Unknown significance","null","missense_variant","1/3","null","81","MODERATE","21.9","null","0.00087926","gnomad_AF_nfe_pass","29.7923345952319","0.12967262380689815","95.71","-0.3","0.3"
"3:150690263:G>T","NM_174878.3:c.233C>A","NP_777367.1:p.Ala78Glu","Unknown significance","null","missense_variant","1/3","null","78","MODERATE","20.1","null","0.0108814","gnomad_AF_eas_pass","76.20591862106905","0.599297669983197","94.82","-0.1","0.1"
"3:150690266:C>T","NM_174878.3:c.230G>A","NP_777367.1:p.Gly77Glu","Pathogenic","Usher syndrome 3","missense_variant","1/3","null","77","MODERATE","26.7","null","0","null","61.231105257964884","0.6421977274850766","91.36","-0.3","0.3"
"3:150690270:A>T","NM_174878.3:c.226T>A","NP_777367.1:p.Leu76Met","Unknown significance","null","missense_variant","1/3","null","76","MODERATE","22.0","null","0","gnomad_AF_afr_pass,gnomad_AF_sas_pass,gnomad_AF_amr_pass,gnomad_AF_eas_pass,gnomad_AF_nfe_pass","98.07396416129298","0.5085472577037387","89.62","-0.3","0.3"
"3:150690278:T>C","NM_174878.3:c.218A>G","NP_777367.1:p.Gln73Arg","Unknown significance","null","missense_variant","1/3","null","73","MODERATE","26.1","null","0.0340578","gnomad_AF_nfe_pass","63.747957250454945","0.3223636370784926","95.17","0.2","0.2"
"3:150690280:C>A","NM_174878.3:c.216G>T","NP_777367.1:p.Arg72Ser","Unknown significance","null","missense_variant","1/3","null","72","MODERATE","23.6","null","0.00326627","gnomad_AF_sas_pass","18.634360690368165","0.0691632943329589","95.55","-1.3","1.3"
"3:150690287:C>T","NM_174878.3:c.209G>A","NP_777367.1:p.Gly70Asp","Unknown significance","Usher syndrome, type 3A","missense_variant","1/3","null","70","MODERATE","26.9","null","0","null","7.634473129243328","0.08007108925260156","97.17","0.5","0.5"
"3:150690288:C>A","NM_174878.3:c.208G>T","NP_777367.1:p.Gly70Cys","Unknown significance","null","missense_variant","1/3","null","70","MODERATE","26.0","null","0.000879075","gnomad_AF_nfe_pass","7.634473129243328","0.08007108925260156","97.17","0.9","0.9"
"3:150690289:C>G","NM_174878.3:c.207G>C","NP_777367.1:p.Glu69Asp","Likely benign","null","missense_variant","1/3","null","69","MODERATE","16.65","null","0.000879059","gnomad_AF_nfe_pass","45.05470971903314","0.2307293635901502","97.52","-0.1","0.1"
"3:150690294:C>G","NM_174878.3:c.202G>C","NP_777367.1:p.Gly68Arg","Unknown significance","null","missense_variant","1/3","null","68","MODERATE","28.9","null","0","null","0.29863194871415316","0.0031320806314160477","97.22","-0.5","0.5"
"3:150690294:C>T","NM_174878.3:c.202G>A","NP_777367.1:p.Gly68Arg","Unknown significance","null","missense_variant","1/3","null","68","MODERATE","29.7","null","0.000879183","gnomad_AF_nfe_pass","0.29863194871415316","0.0031320806314160477","97.22","-0.5","0.5"
"3:150690297:G>C","NM_174878.3:c.199C>G","NP_777367.1:p.His67Asp","Unknown significance","null","missense_variant","1/3","null","67","MODERATE","23.3","null","0","null","110.74598844114716","0.5391662004652487","96.87","-0.7","0.7"
"3:150690305:C>G","NM_174878.3:c.191G>C","NP_777367.1:p.Gly64Ala","Pathogenic","Usher syndrome","missense_variant","1/3","null","64","MODERATE","26.3","null","0","null","0.5643242243302214","0.005918686799835369","97.25","-0.2","0.2"
"3:150690306:C>G","NM_174878.3:c.190G>C","NP_777367.1:p.Gly64Arg","Unknown significance","null","missense_variant","1/3","null","64","MODERATE","28.0","null","0.00175821","gnomad_AF_nfe_pass","0.5643242243302214","0.005918686799835369","97.25","-0.4","0.4"
"3:150690306:C>T","NM_174878.3:c.190G>A","NP_777367.1:p.Gly64Arg","Pathogenic","Usher syndrome","missense_variant","1/3","null","64","MODERATE","28.5","null","0","null","0.5643242243302214","0.005918686799835369","97.25","-0.4","0.4"
"3:150690308:T>G","NM_174878.3:c.188A>C","NP_777367.1:p.Tyr63Ser","Pathogenic","Usher syndrome","missense_variant","1/3","null","63","MODERATE","26.1","null","0","null","0.0","0.0","97.99","-4.4","4.4"
"3:150690311:T>C","NM_174878.3:c.185A>G","NP_777367.1:p.Gln62Arg","Unknown significance","Usher syndrome, type 3A","missense_variant","1/3","null","62","MODERATE","19.69","null","0.00154816","gnomad_AF_nfe_pass","50.549840190352924","0.2556227844835363","98.2","0.4","0.4"
"3:150690313:C>A","NM_174878.3:c.183G>T","NP_777367.1:p.Met61Ile","Likely benign","null","missense_variant","1/3","null","61","MODERATE","15.64","null","0","null","1.6242824761710457","0.007501309850855401","97.67","1.0","1.0"
"3:150690313:C>T","NM_174878.3:c.183G>A","NP_777367.1:p.Met61Ile","Unknown significance","Usher syndrome, type 3A","missense_variant","1/3","null","61","MODERATE","16.16","null","0.0278655","gnomad_AF_nfe_pass","1.6242824761710457","0.007501309850855401","97.67","1.0","1.0"
"3:150690318:C>T","NM_174878.3:c.178G>A","NP_777367.1:p.Glu60Lys","Unknown significance","null","missense_variant","1/3","null","60","MODERATE","24.4","null","0.00543715","gnomad_AF_eas_pass","84.21317915409696","0.4312635316773508","97.48","-0.1","0.1"
"3:150690320:C>T","NM_174878.3:c.176G>A","NP_777367.1:p.Gly59Asp","Unknown significance","null","missense_variant","1/3","null","59","MODERATE","27.5","null","0.00326648","gnomad_AF_sas_pass","0.08677782542979082","9.101341883724898E-4","96.65","-0.9","0.9"
"3:150690322:C>T","NM_174878.3:c.174G>A","NP_777367.1:p.Met58Ile","Unknown significance","null","missense_variant","1/3","null","58","MODERATE","17.47","null","0.00615157","gnomad_AF_afr_pass","34.19145082474945","0.1579039795413777","96.7","0.3","0.3"
"3:150690330:T>C","NM_174878.3:c.166A>G","NP_777367.1:p.Lys56Glu","Unknown significance","null","missense_variant","1/3","null","56","MODERATE","25.7","null","0.00648088","gnomad_AF_nfe_pass","118.06022704979416","0.49874474245770073","94.44","-0.1","0.1"
"3:150690331:G>C","NM_174878.3:c.165C>G","NP_777367.1:p.Asp55Glu","Unknown significance","null","missense_variant","1/3","null","55","MODERATE","15.34","null","0.0150361","gnomad_AF_eas_pass","74.84138057537112","0.46781757361034443","93.45","0.1","0.1"
"3:150690331:G>T","NM_174878.3:c.165C>A","NP_777367.1:p.Asp55Glu","Unknown significance","null","missense_variant","1/3","null","55","MODERATE","15.44","null","0.000879198","gnomad_AF_nfe_pass","74.84138057537112","0.46781757361034443","93.45","0.1","0.1"
"3:150690335:A>G","NM_174878.3:c.161T>C","NP_777367.1:p.Leu54Pro","Pathogenic","Usher syndrome 3","missense_variant","1/3","null","54","MODERATE","28.0","null","0.00175843","gnomad_AF_nfe_pass","54.305651589390465","0.28159349354105995","94.0","-2.0","2.0"
"3:150690336:G>C","NM_174878.3:c.160C>G","NP_777367.1:p.Leu54Val","Unknown significance","null","missense_variant","1/3","null","54","MODERATE","25.0","null","0.00263783","gnomad_AF_nfe_pass","54.305651589390465","0.28159349354105995","94.0","-0.8","0.8"
"3:150690337:C>A","NM_174878.3:c.159G>T","NP_777367.1:p.Glu53Asp","Unknown significance","null","missense_variant","1/3","null","53","MODERATE","25.2","null","0.000879229","gnomad_AF_nfe_pass","82.9710052496115","0.4249022434516018","92.06","-0.2","0.2"
"3:150690344:C>A","NM_174878.3:c.152G>T","NP_777367.1:p.Gly51Val","Unknown significance","null","missense_variant","1/3","null","51","MODERATE","26.2","null","0.0201279","gnomad_AF_nfe_pass","70.58165071213267","0.7402671485107792","92.11","0.0","0.0"
"3:150690345:C>G","NM_174878.3:c.151G>C","NP_777367.1:p.Gly51Arg","Unknown significance","null","missense_variant","1/3","null","51","MODERATE","28.1","null","0","null","70.58165071213267","0.7402671485107792","92.11","0.1","0.1"
"3:150690345:C>T","NM_174878.3:c.151G>A","NP_777367.1:p.Gly51Arg","Unknown significance","null","missense_variant","1/3","null","51","MODERATE","28.4","null","0.020127","gnomad_AF_nfe_pass","70.58165071213267","0.7402671485107792","92.11","0.1","0.1"
"3:150690350:G>A","NM_174878.3:c.146C>T","NP_777367.1:p.Ala49Val","Unknown significance","null","missense_variant","1/3","null","49","MODERATE","27.9","null","0.000879245","gnomad_AF_nfe_pass","19.044738897200542","0.14977140690716775","93.29","0.3","0.3"
"3:150690351:C>G","NM_174878.3:c.145G>C","NP_777367.1:p.Ala49Pro","Unknown significance","null","missense_variant","1/3","null","49","MODERATE","27.9","null","0.00326627","gnomad_AF_sas_pass","19.044738897200542","0.14977140690716775","93.29","-0.5","0.5"
"3:150690352:A>C","NM_174878.3:c.144T>G","NP_777367.1:p.Asn48Lys","Pathogenic","Usher syndrome 3a","missense_variant","1/3","null","48","MODERATE","22.9","null","0.00791264","gnomad_AF_nfe_pass","131.16290892823815","0.8206550524584922","94.49","-0.2","0.2"
"3:150690353:T>C","NM_174878.3:c.143A>G","NP_777367.1:p.Asn48Ser","Unknown significance","null","missense_variant","1/3","null","48","MODERATE","25.1","null","0.000879214","gnomad_AF_nfe_pass","131.16290892823815","0.8206550524584922","94.49","-0.1","0.1"
"3:150690354:T>C","NM_174878.3:c.142A>G","NP_777367.1:p.Asn48Asp","Unknown significance","Retinal dystrophy","missense_variant","1/3","null","48","MODERATE","26.4","null","0.00400481","gnomad_AF_afr_pass","131.16290892823815","0.8206550524584922","94.49","-0.2","0.2"
"3:150690366:C>G","NM_174878.3:c.130G>C","NP_777367.1:p.Ala44Pro","Unknown significance","null","missense_variant","1/3","null","44","MODERATE","27.1","null","0.00326627","gnomad_AF_sas_pass","5.150992183017836","0.040508370862034036","95.38","-0.9","0.9"
"3:150690368:C>A","NM_174878.3:c.128G>T","NP_777367.1:p.Gly43Val","Likely pathogenic","Usher syndrome, type 3A","missense_variant","1/3","null","43","MODERATE","27.1","null","0","null","2.3341332037261813","0.024480613778981718","94.57","0.8","0.8"
"3:150690369:C>T","NM_174878.3:c.127G>A","NP_777367.1:p.Gly43Arg","Unknown significance","Rare genetic deafness","missense_variant","1/3","null","43","MODERATE","28.1","null","0.00175852","gnomad_AF_nfe_pass","2.3341332037261813","0.024480613778981718","94.57","0.6","0.6"
"3:150690371:G>A","NM_174878.3:c.125C>T","NP_777367.1:p.Thr42Met","Unknown significance","null","missense_variant","1/3","null","42","MODERATE","26.9","null","0.00653253","gnomad_AF_sas_pass","33.47273270343713","0.21274466390032495","95.15","-0.0","0.0"
"3:150690378:A>C","NM_174878.3:c.118T>G","NP_777367.1:p.Cys40Gly","Pathogenic","Usher syndrome 3a","missense_variant","1/3","null","40","MODERATE","26.2","null","0.0162584","gnomad_AF_nfe_pass","0.0","0.0","97.34","-2.4","2.4"
"3:150690378:A>G","NM_174878.3:c.118T>C","NP_777367.1:p.Cys40Arg","Unknown significance","null","missense_variant","1/3","null","40","MODERATE","27.1","null","0.00543656","gnomad_AF_eas_pass","0.0","0.0","97.34","-0.5","0.5"
"3:150690387:T>C","NM_174878.3:c.109A>G","NP_777367.1:p.Thr37Ala","Unknown significance","null","missense_variant","1/3","null","37","MODERATE","19.59","null","0.00326627","gnomad_AF_sas_pass","20.5379224731064","0.13053411122609923","97.85","-0.4","0.4"
"3:150690392:T>A","NM_174878.3:c.104A>T","NP_777367.1:p.Lys35Ile","Unknown significance","null","missense_variant","1/3","null","35","MODERATE","23.5","null","0.0064792","gnomad_AF_nfe_pass","73.14567049894433","0.3090034595605619","98.47","1.2","1.2"
"3:150690394:G>C","NM_174878.3:c.102C>G","NP_777367.1:p.Ile34Met","Likely benign","null","missense_variant","1/3","null","34","MODERATE","17.53","null","0.00653253","gnomad_AF_sas_pass","0.0","0.0","98.41","-0.9","0.9"
"3:150690404:G>A","NM_174878.3:c.92C>T","NP_777367.1:p.Pro31Leu","Pathogenic","Retinitis pigmentosa, nonsyndromic","missense_variant","1/3","null","31","MODERATE","23.9","null","0","null","34.36141540898654","0.21844495473643688","96.88","0.5","0.5"
"3:150690404:G>C","NM_174878.3:c.92C>G","NP_777367.1:p.Pro31Arg","Unknown significance","null","missense_variant","1/3","null","31","MODERATE","22.5","null","0.00263843","gnomad_AF_nfe_pass","34.36141540898654","0.21844495473643688","96.88","0.5","0.5"
"3:150690408:T>A","NM_174878.3:c.88A>T","NP_777367.1:p.Thr30Ser","Unknown significance","null","missense_variant","1/3","null","30","MODERATE","20.9","null","0.00289101","gnomad_AF_amr_pass","59.21129628557027","0.37633280315003087","97.12","-0.8","0.8"
"3:150690408:T>C","NM_174878.3:c.88A>G","NP_777367.1:p.Thr30Ala","Unknown significance","null","missense_variant","1/3","null","30","MODERATE","20.8","null","0.00289101","gnomad_AF_amr_pass","59.21129628557027","0.37633280315003087","97.12","-0.8","0.8"
"3:150690413:A>C","NM_174878.3:c.83T>G","NP_777367.1:p.Leu28Trp","Unknown significance","null","missense_variant","1/3","null","28","MODERATE","24.5","null","0.00282183","gnomad_AF_amr_pass","22.543540797306573","0.11689601770912518","96.7","-1.5","1.5"
"3:150690416:G>C","NM_174878.3:c.80C>G","NP_777367.1:p.Ala27Gly","Unknown significance","null","missense_variant","1/3","null","27","MODERATE","25.7","null","0.000879538","gnomad_AF_nfe_pass","0.7435889789436764","0.005847723517670763","97.87","-2.3","2.3"
"3:150690423:C>A","NM_174878.3:c.73G>T","NP_777367.1:p.Val25Leu","Unknown significance","null","missense_variant","1/3","null","25","MODERATE","19.56","null","0","null","83.74998318409804","0.4872241267158687","98.25","-0.0","0.0"
"3:150690426:C>T","NM_174878.3:c.70G>A","NP_777367.1:p.Val24Ile","Unknown significance","null","missense_variant","1/3","null","24","MODERATE","17.39","null","0.000879771","gnomad_AF_nfe_pass","0.0","0.0","98.08","0.5","0.5"
"3:150690431:A>T","NM_174878.3:c.65T>A","NP_777367.1:p.Leu22His","Pathogenic","Usher syndrome, type 3A","missense_variant","1/3","null","22","MODERATE","26.0","null","0","null","97.6315020789715","0.5062529395273834","98.18","-1.3","1.3"
"3:150690435:C>T","NM_174878.3:c.61G>A","NP_777367.1:p.Ala21Thr","Unknown significance","null","missense_variant","1/3","null","21","MODERATE","23.4","null","0.0114811","gnomad_AF_afr_pass","0.6574012627962127","0.005169927115462344","97.94","-0.2","0.2"
"3:150690438:A>T","NM_174878.3:c.58T>A","NP_777367.1:p.Cys20Ser","Unknown significance","null","missense_variant","1/3","null","20","MODERATE","23.1","null","0.00289118","gnomad_AF_amr_pass","2.8967924708032076","0.01874606727157884","98.1","-1.8","1.8"
"3:150690453:C>T","NM_174878.3:c.43G>A","NP_777367.1:p.Val15Met","Unknown significance","null","missense_variant","1/3","null","15","MODERATE","21.0","null","0","null","78.30390855827056","0.4555410283710553","97.85","-0.3","0.3"
"3:150690455:C>T","NM_174878.3:c.41G>A","NP_777367.1:p.Gly14Glu","Pathogenic","Retinal dystrophy","missense_variant","1/3","null","14","MODERATE","26.1","null","0","null","0.0","0.0","96.21","-0.2","0.2"
"3:150690456:C>T","NM_174878.3:c.40G>A","NP_777367.1:p.Gly14Arg","Unknown significance","null","missense_variant","1/3","null","14","MODERATE","28.6","null","0","null","0.0","0.0","96.21","1.1","1.1"
"3:150690458:G>C","NM_174878.3:c.38C>G","NP_777367.1:p.Ala13Gly","Unknown significance","null","missense_variant","1/3","null","13","MODERATE","23.9","null","0","null","0.0","0.0","96.09","-2.0","2.0"
"3:150690460:C>T","NM_174878.3:c.36G>A","NP_777367.1:p.Met12Ile","Likely benign","null","missense_variant","1/3","null","12","MODERATE","13.07","null","0.000880468","gnomad_AF_nfe_pass","83.84837352313689","0.38723106326308465","96.15","0.4","0.4"
"3:150690461:A>G","NM_174878.3:c.35T>C","NP_777367.1:p.Met12Thr","Likely benign","null","missense_variant","1/3","null","12","MODERATE","2.708","null","0","null","83.84837352313689","0.38723106326308465","96.15","-0.7","0.7"
"3:150690462:T>C","NM_174878.3:c.34A>G","NP_777367.1:p.Met12Val","Likely benign","null","missense_variant","1/3","null","12","MODERATE","11.89","null","0.00650703","gnomad_AF_nfe_pass","83.84837352313689","0.38723106326308465","96.15","0.4","0.4"
"3:150690475:T>G","NM_174878.3:c.21A>C","NP_777367.1:p.Lys7Asn","Unknown significance","null","missense_variant","1/3","null","7","MODERATE","23.6","null","0.00326648","gnomad_AF_sas_pass","66.20225426880275","0.2796710380836999","89.47","0.2","0.2"
"3:150690476:T>A","NM_174878.3:c.20A>T","NP_777367.1:p.Lys7Ile","Unknown significance","Usher syndrome, type 3A","missense_variant","1/3","null","7","MODERATE","28.5","null","0.225609","gnomad_AF_eas_pass","66.20225426880275","0.2796710380836999","89.47","1.3","1.3"
"3:150690478:C>A","NM_174878.3:c.18G>T","NP_777367.1:p.Lys6Asn","Unknown significance","null","missense_variant","1/3","null","6","MODERATE","27.7","null","0.000881461","gnomad_AF_nfe_pass","40.65858992993463","0.1717619766625196","87.04","0.1","0.1"
"3:150690483:G>T","NM_174878.3:c.13C>A","NP_777367.1:p.Gln5Lys","Unknown significance","null","missense_variant","1/3","null","5","MODERATE","24.6","null","0","gnomad_AF_afr_pass,gnomad_AF_sas_pass,gnomad_AF_amr_pass,gnomad_AF_eas_pass,gnomad_AF_nfe_pass","97.68064606927396","0.493956037137855","87.39","-0.6","0.6"
"3:150690487:G>T","NM_174878.3:c.9C>A","NP_777367.1:p.Ser3Arg","Benign","null","missense_variant","1/3","null","3","MODERATE","15.95","null","0.771852","gnomad_AF_eas_pass","92.97217584983977","0.6741647705836953","80.01","-0.1","0.1"
"3:150690488:C>T","NM_174878.3:c.8G>A","NP_777367.1:p.Ser3Asn","Likely benign","null","missense_variant","1/3","null","3","MODERATE","9.245","null","0.00232887","gnomad_AF_nfe_pass","92.97217584983977","0.6741647705836953","80.01","-0.0","0.0"
"3:150690489:T>C","NM_174878.3:c.7A>G","NP_777367.1:p.Ser3Gly","Likely benign","null","missense_variant","1/3","null","3","MODERATE","16.09","null","0.000881694","gnomad_AF_nfe_pass","92.97217584983977","0.6741647705836953","80.01","-0.3","0.3"
"3:150690492:G>A","NM_174878.3:c.4C>T","NP_777367.1:p.Pro2Ser","Unknown significance","null","missense_variant","1/3","null","2","MODERATE","22.6","null","0.0184843","gnomad_AF_afr_pass","91.0714564704069","0.5789662605474777","72.57","-0.8","0.8"